,match_percent,match_percent,match_percent,match_percent,match_percent,match_percent,match_percent,match_percent,max_gap,max_gap,max_gap,max_gap,max_gap,max_gap,max_gap,max_gap
,count,mean,std,min,25%,50%,75%,max,count,mean,std,min,25%,50%,75%,max
classification,,,,,,,,,,,,,,,,
geometric,20.0,0.6185185185185186,0.13493728772795777,0.2962962962962963,0.5925925925925926,0.6296296296296297,0.712962962962963,0.8148148148148148,20.0,75.8,100.50116521974418,8.0,19.75,41.5,85.5,426.0
poisson,1.0,0.5925925925925926,,0.5925925925925926,0.5925925925925926,0.5925925925925926,0.5925925925925926,0.5925925925925926,1.0,244.0,,244.0,244.0,244.0,244.0,244.0
zipf,46.0,0.6755233494363929,0.1254614485465694,0.18518518518518517,0.6018518518518519,0.7037037037037037,0.7777777777777778,0.8888888888888888,46.0,152.47826086956522,119.27926878277154,4.0,36.25,137.0,237.25,459.0
