,match_percent,match_percent,match_percent,match_percent,match_percent,match_percent,match_percent,match_percent,sum_branch_lengths,sum_branch_lengths,sum_branch_lengths,sum_branch_lengths,sum_branch_lengths,sum_branch_lengths,sum_branch_lengths,sum_branch_lengths
,count,mean,std,min,25%,50%,75%,max,count,mean,std,min,25%,50%,75%,max
classification,,,,,,,,,,,,,,,,
geometric,20.0,0.975925925925926,0.05275597169301709,0.7777777777777778,0.9629629629629629,1.0,1.0,1.0,20.0,1.5858356,0.5159250330901716,1.024588,1.22226925,1.4310330000000002,1.7990365000000001,2.970192
poisson,6.0,0.9320987654320989,0.04329797016481528,0.8888888888888888,0.8981481481481481,0.9259259259259259,0.9537037037037037,1.0,6.0,1.9379023333333334,0.5711221287685031,1.3872659999999999,1.5470777500000001,1.9058950000000001,2.00026075,2.96917
zipf,41.0,0.960252935862692,0.04713335421682111,0.8148148148148148,0.9259259259259259,0.9629629629629629,1.0,1.0,41.0,1.9971960731707314,0.522305556715817,1.1641380000000001,1.588231,1.8396479999999995,2.307449,3.2040429999999995
