model,100
zipf_rim,40.298507462686565
zipf_sim,26.865671641791046
geometric_rim,19.402985074626866
geometric_sim,10.44776119402985
poisson_sim,2.9850746268656714
poisson_rim,0.0
